Phosphorylation site, Phosphorylation Abundance, Total Abundance, Modification Proportion
0,0,0,NaN
1,0,0,NaN
2,0,0,NaN
3,0,0,NaN
4,0,0,NaN
5,0,4.25E+08,0
6,0,4.25E+08,0
7,0,4.25E+08,0
8,0,4.25E+08,0
9,0,4.25E+08,0
10,0,4.25E+08,0
11,0,4.25E+08,0
12,0,4.25E+08,0
13,0,4.25E+08,0
14,0,4.25E+08,0
15,0,4.25E+08,0
16,0,4.25E+08,0
17,0,4.25E+08,0
18,0,4.25E+08,0
19,0,4.25E+08,0
20,0,4.25E+08,0
21,0,4.25E+08,0
22,0,4.25E+08,0
23,0,9.47E+07,0
24,4255759.266,7.76E+07,0.054838727
25,1123185.125,7.76E+07,0.014473103
26,0,7.76E+07,0
27,0,7.76E+07,0
28,0,7.76E+07,0
29,0,7.76E+07,0
30,0,7.76E+07,0
31,0,7.76E+07,0
32,0,7.76E+07,0
33,0,7.76E+07,0
34,0,7.76E+07,0
35,0,7.76E+07,0
36,0,7.76E+07,0
37,0,7.76E+07,0
38,0,7.76E+07,0
39,0,7.76E+07,0
40,0,7.76E+07,0
41,0,7.76E+07,0
42,0,7.76E+07,0
43,0,7.76E+07,0
44,0,4.02E+07,0
45,0,4.02E+07,0
46,0,4.02E+07,0
47,0,4.02E+07,0
48,0,4.02E+07,0
49,0,4.02E+07,0
50,0,4.02E+07,0
51,0,4.02E+07,0
52,0,4.02E+07,0
53,0,4.02E+07,0
54,0,4.02E+07,0
55,0,4.02E+07,0
56,0,4.02E+07,0
57,0,4.02E+07,0
58,0,4.02E+07,0
59,0,4.02E+07,0
60,0,4.02E+07,0
61,0,4.02E+07,0
62,0,4.02E+07,0
63,0,4.02E+07,0
64,0,4.02E+07,0
65,0,4.02E+07,0
66,0,4.02E+07,0
67,0,2.37E+07,0
68,0,2.37E+07,0
69,0,2.37E+07,0
70,0,2.37E+07,0
71,0,2.37E+07,0
72,0,2.37E+07,0
73,0,2.37E+07,0
74,0,2.37E+07,0
75,0,2.37E+07,0
76,0,2.37E+07,0
77,0,2.37E+07,0
78,0,2.37E+07,0
79,0,2.37E+07,0
80,0,2.37E+07,0
81,0,2.37E+07,0
82,0,2.37E+07,0
83,0,2.37E+07,0
84,0,2.37E+07,0
85,0,2.37E+07,0
86,0,2.37E+07,0
87,0,0,NaN
88,0,0,NaN
89,0,0,NaN
90,0,0,NaN
91,0,0,NaN
92,0,0,NaN
93,0,0,NaN
94,0,0,NaN
95,0,0,NaN
96,0,0,NaN
97,0,0,NaN
98,0,0,NaN
99,0,0,NaN
100,0,0,NaN
101,0,0,NaN
102,0,0,NaN
103,0,0,NaN
104,0,0,NaN
105,0,0,NaN
106,0,0,NaN
107,0,0,NaN
108,0,0,NaN
109,0,0,NaN
110,0,0,NaN
111,0,0,NaN
112,0,0,NaN
113,0,0,NaN
114,0,0,NaN
115,0,0,NaN
116,0,0,NaN
117,0,0,NaN
118,0,0,NaN
119,0,0,NaN
120,0,0,NaN
121,0,0,NaN
122,0,0,NaN
123,0,0,NaN
124,0,0,NaN
125,0,0,NaN
126,0,0,NaN
127,0,0,NaN
128,0,0,NaN
129,0,0,NaN
130,0,302717.125,0
131,0,302717.125,0
132,0,302717.125,0
133,0,302717.125,0
134,0,302717.125,0
135,0,302717.125,0
136,0,302717.125,0
137,0,302717.125,0
138,0,302717.125,0
139,0,302717.125,0
140,0,302717.125,0
141,0,0,NaN
142,0,0,NaN
143,0,189427.1563,0
144,0,189427.1563,0
145,0,189427.1563,0
146,0,189427.1563,0
147,0,189427.1563,0
148,0,189427.1563,0
149,0,189427.1563,0
150,0,189427.1563,0
151,0,189427.1563,0
152,0,189427.1563,0
153,0,189427.1563,0
154,0,189427.1563,0
155,0,0,NaN
156,0,0,NaN
157,0,0,NaN
158,0,0,NaN
159,0,0,NaN
160,0,0,NaN
161,0,0,NaN
162,0,0,NaN
163,0,0,NaN
164,0,0,NaN
165,0,0,NaN
166,0,0,NaN
167,0,0,NaN
168,0,0,NaN
169,0,0,NaN
170,2195876.75,2733378.063,0.803356396
171,0,2733378.063,0
172,0,2733378.063,0
173,0,2733378.063,0
174,2733378.063,5.02E+07,0.054480096
175,0,5.02E+07,0
176,0,5.02E+07,0
177,0,5.02E+07,0
178,0,5.02E+07,0
179,0,5.02E+07,0
180,4.85E+07,8.36E+07,0.5794213
181,0,8.36E+07,0
182,0,8.36E+07,0
183,0,8.36E+07,0
184,0,8.36E+07,0
185,0,8.36E+07,0
186,0,8.36E+07,0
187,0,8.36E+07,0
188,0,8.36E+07,0
189,0,8.36E+07,0
190,0,4944026.938,0
191,0,4944026.938,0
192,0,4944026.938,0
193,0,4944026.938,0
194,0,2.90E+07,0
195,0,2.90E+07,0
196,0,2.90E+07,0
197,0,2.90E+07,0
198,0,2.90E+07,0
199,0,2.90E+07,0
200,0,2.90E+07,0
201,0,2.90E+07,0
202,0,2.90E+07,0
203,0,2.90E+07,0
204,0,2.90E+07,0
205,0,2.90E+07,0
206,0,2.90E+07,0
207,0,2.90E+07,0
208,0,2.90E+07,0
209,0,2.90E+07,0
210,0,2.90E+07,0
211,2.66E+07,1.53E+08,0.173085725
212,0,1.53E+08,0
213,7409428,1.53E+08,0.048282946
214,0,1.53E+08,0
215,0,1.53E+08,0
216,8.41E+07,1.53E+08,0.547927189
217,0,1.53E+08,0
218,0,1.53E+08,0
219,0,1.53E+08,0
220,0,1.53E+08,0
221,0,5.89E+07,0
222,0,5.89E+07,0
223,0,5.89E+07,0
224,0,4.68E+07,0
225,368653.7813,6.91E+07,0.00533307
226,0,6.91E+07,0
227,0,6.91E+07,0
228,0,6.91E+07,0
229,0,6.91E+07,0
230,6.91E+07,7.16E+07,0.965625347
231,0,7.16E+07,0
232,0,7.16E+07,0
233,0,7.16E+07,0
234,0,6.97E+07,0
235,0,6.97E+07,0
236,0,6.97E+07,0
237,0,6.97E+07,0
238,0,6.97E+07,0
239,0,6.97E+07,0
240,0,1314868.875,0
241,0,1314868.875,0
242,0,1.88E+09,0
243,0,1.88E+09,0
244,0,1.88E+09,0
245,0,1.88E+09,0
246,0,1.88E+09,0
247,0,1.88E+09,0
248,0,1.88E+09,0
249,0,1.88E+09,0
250,0,1.88E+09,0
251,0,1.88E+09,0
252,0,1.88E+09,0
253,0,1.88E+09,0
254,0,1.44E+07,0
255,0,1.44E+07,0
256,0,1.44E+07,0
257,412102.5313,2.66E+07,0.015477236
258,0,2.66E+07,0
259,0,1.98E+08,0
260,0,1.98E+08,0
261,9.26E+07,1.98E+08,0.467049801
262,0,1.98E+08,0
263,0,1.98E+08,0
264,0,1.98E+08,0
265,0,1.98E+08,0
266,0,1.98E+08,0
267,0,129192.5547,0
268,0,129192.5547,0
269,0,129192.5547,0
270,0,129192.5547,0
271,0,129192.5547,0
272,0,129192.5547,0
273,0,129192.5547,0
274,0,0,NaN
275,0,0,NaN
276,0,0,NaN
277,0,0,NaN
278,0,0,NaN
279,0,0,NaN
280,0,1.91E+08,0
281,0,3.51E+08,0
282,0,3.51E+08,0
283,0,3.51E+08,0
284,1919682.813,3.51E+08,0.005472611
285,0,3.51E+08,0
286,0,3.51E+08,0
287,0,3.51E+08,0
288,4290065.063,3.51E+08,0.012230072
289,0,3.51E+08,0
290,0,107739.25,0
291,0,107739.25,0
292,0,107739.25,0
293,0,107739.25,0
294,0,107739.25,0
295,0,107739.25,0
296,0,107739.25,0
297,0,107739.25,0
298,0,9.11E+08,0
299,0,9.11E+08,0
300,0,9.11E+08,0
301,0,9.11E+08,0
302,0,9.11E+08,0
303,0,9.11E+08,0
304,5839837,9.11E+08,0.006409386
305,0,2.41E+09,0
306,0,2.41E+09,0
307,0,2.41E+09,0
308,0,2.41E+09,0
309,0,2.41E+09,0
310,0,2.41E+09,0
311,0,2.41E+09,0
312,0,2.41E+09,0
313,0,2.41E+09,0
314,0,2.41E+09,0
315,0,2.41E+09,0
316,0,2.41E+09,0
317,0,161230.9375,0
318,0,161230.9375,0
319,0,161230.9375,0
320,0,161230.9375,0
321,0,2.55E+08,0
322,0,2.55E+08,0
323,1019836.5,2.55E+08,0.003992907
324,0,2.55E+08,0
325,0,2.55E+08,0
326,0,2.55E+08,0
327,0,2.55E+08,0
328,0,2.55E+08,0
329,0,2.55E+08,0
330,0,2.55E+08,0
331,0,2.55E+08,0
332,0,2.55E+08,0
333,0,2.55E+08,0
334,0,2.55E+08,0
335,0,2.55E+08,0
336,0,2.55E+08,0
337,0,2.55E+08,0
338,0,2.55E+08,0
339,0,2.55E+08,0
340,0,3.66E+07,0
341,0,3.66E+07,0
342,0,3.66E+07,0
343,0,3.72E+07,0
344,0,3.72E+07,0
345,0,3.72E+07,0
346,0,3.72E+07,0
347,0,3327596.984,0
348,0,3327596.984,0
349,0,815807.2344,0
350,0,815807.2344,0
351,0,815807.2344,0
352,0,815807.2344,0
353,0,1.93E+09,0
354,0,1.93E+09,0
355,2561734.938,1.93E+09,0.00132578
356,0,1.93E+09,0
357,0,1.93E+09,0
358,0,1.93E+09,0
359,0,1.93E+09,0
360,0,1.93E+09,0
361,0,1.93E+09,0
362,0,1.93E+09,0
363,0,1.93E+09,0
364,0,1.93E+09,0
365,0,1.93E+09,0
366,0,1.93E+09,0
367,0,1.93E+09,0
368,0,1.93E+09,0
369,0,3.17E+08,0
370,0,356736.4063,0
371,0,356736.4063,0
372,0,356736.4063,0
373,0,356736.4063,0
374,0,356736.4063,0
375,0,0,NaN
376,0,0,NaN
377,0,0,NaN
378,0,0,NaN
379,0,0,NaN
380,0,0,NaN
381,0,0,NaN
382,0,0,NaN
383,1.72E+08,1.18E+08,1.452248032
384,8.55E+07,1.18E+08,0.72172962
385,1.04E+09,6.92E+08,1.505589559
386,0,6.92E+08,0
387,0,6.92E+08,0
388,0,6.92E+08,0
389,0,6.92E+08,0
390,0,6.92E+08,0
391,0,6.92E+08,0
392,0,6.92E+08,0
393,0,6.92E+08,0
394,0,6.92E+08,0
395,0,6.46E+08,0
396,0,6.46E+08,0
397,0,6.46E+08,0
398,0,6.46E+08,0
399,2359332.5,6.46E+08,0.003651657
400,0,6.46E+08,0
401,0,6.46E+08,0
402,0,6.46E+08,0
403,2359332.5,6.46E+08,0.003651657
404,0,6.46E+08,0
405,0,6.46E+08,0
406,3824283.75,8.68E+07,0.044065263
407,0,8.68E+07,0
408,0,8.68E+07,0
409,0,8.68E+07,0
410,0,8.68E+07,0
411,0,8.68E+07,0
412,4309741.449,8.68E+07,0.049658943
413,0,8.68E+07,0
414,0,8.68E+07,0
415,0,8.68E+07,0
416,0,8.68E+07,0
417,0,8.68E+07,0
418,0,8.68E+07,0
419,0,8.68E+07,0
420,0,8.68E+07,0
421,0,8.68E+07,0
422,0,8.68E+07,0
423,0,8.68E+07,0
424,0,8.68E+07,0
425,0,8.68E+07,0
426,0,8.68E+07,0
427,0,8.68E+07,0
428,0,8.68E+07,0
429,0,8.68E+07,0
430,0,8.68E+07,0
431,0,8.68E+07,0
432,0,8.68E+07,0
433,0,8.68E+07,0
434,0,8.68E+07,0
435,0,8.68E+07,0
436,0,8.68E+07,0
437,0,8.68E+07,0
438,0,0,NaN
439,0,0,NaN
440,0,0,NaN
